Record Id,Created Time,HSLP ordered at,Platform database ID (Agent),Display name,Property city,State (Agent),Closing date,Property Status,Property Status Updated,Closing Date is Wrong
zcrm_1781014000189344661,9/7/2022 18:12,9/7/2022 20:24,157676,5521 Los Patios,Midland,Texas,,,,FALSE
zcrm_1781014000189120640,9/7/2022 10:37,9/7/2022 19:09,349685,114 Mokolua Ln,Bastrop,Texas,,,,FALSE
zcrm_1781014000188937130,9/6/2022 11:57,9/6/2022 12:25,2493,605 Cr 3820,San Antonio,Texas,,,,FALSE
zcrm_1781014000188768109,9/5/2022 18:50,9/5/2022 19:04,192020,5411 Kings Manor Drive,Lake Dallas,Texas,,,,FALSE
zcrm_1781014000188643083,9/5/2022 7:12,9/6/2022 12:46,196910,6011 Leigh Canyon Dr,Friendswood,Texas,,,,FALSE
zcrm_1781014000188623761,9/5/2022 1:42,9/5/2022 8:42,180478,58 Mound Avenue,Factoryville,Pennsylvania,,,,FALSE
zcrm_1781014000188513447,9/3/2022 12:01,9/4/2022 19:55,23300,1205 Elm Street Unit #2,Austin,Texas,,,,FALSE
zcrm_1781014000188432836,9/2/2022 15:35,9/2/2022 16:17,78585,162 Selig Road,Pocono Lake,Pennsylvania,2-Sep-22,,,FALSE
zcrm_1781014000188352537,9/2/2022 12:00,9/3/2022 23:23,970,15357 Tortuga Ct,Corpus Christi,Texas,,,,FALSE
zcrm_1781014000188352436,9/2/2022 11:48,9/4/2022 14:40,23042,1900 Scofield Ridge Pkwy Unit #4603,Austin,Texas,,,,FALSE
zcrm_1781014000188290633,9/2/2022 9:46,9/2/2022 9:53,112122,3400 Addison dt,Killeen,Texas,,,,FALSE
zcrm_1781014000188290464,9/2/2022 9:04,9/5/2022 11:29,178664,84 Thunder Canyon,Boerne,Texas,,,,FALSE
zcrm_1781014000188269045,9/1/2022 19:34,9/1/2022 19:46,252467,133 County Road 2340,Mount Pleasant,Texas,,,,FALSE
zcrm_1781014000188245945,9/1/2022 20:50,9/1/2022 22:07,245277,4206 Flora Dr,Pasadean,Texas,,,,FALSE
zcrm_1781014000188235343,9/1/2022 17:30,9/2/2022 8:38,314575,8116 Limpkin Court,San Antonio,Texas,,,,FALSE
zcrm_1781014000188230661,9/1/2022 18:00,9/2/2022 9:39,366833,1706 Ninth,Terrell,Texas,,,,FALSE
zcrm_1781014000188215902,9/1/2022 16:27,9/1/2022 20:01,171819,1872 ROBERTS ST,BEAUMONT,Texas,,,,FALSE
zcrm_1781014000188213258,9/1/2022 14:49,9/7/2022 11:57,255071,951 Racelad Rd,San Antonio,Texas,,,,FALSE
zcrm_1781014000188024844,9/1/2022 4:17,9/1/2022 4:17,,DEV = Incididunt earum cum 77344,Do exercitation inci,,,,,FALSE
zcrm_1781014000187988222,8/31/2022 17:01,8/31/2022 17:13,226242,320-322 North Ave,Sanford,North Carolina,4-Oct-22,,,FALSE
zcrm_1781014000187967627,8/31/2022 16:37,8/31/2022 16:37,ID:8482a22d-9704-486c-881f-1c017836cb17,West Avenue J 10 93534,Lancaster,California,30-Sep-22,,,FALSE
zcrm_1781014000187963934,8/31/2022 16:21,8/31/2022 19:22,130059,14343 Judson Rd #803,San Antonio,Texas,,,,FALSE
zcrm_1781014000187960077,8/31/2022 14:29,9/6/2022 12:28,3060,13107 Hunters Valley St.,San Antonio,Texas,,,,FALSE
zcrm_1781014000187958294,8/31/2022 14:45,8/31/2022 20:07,66674,630 Villa Creek Drive,Duncanville,Texas,,,,FALSE
zcrm_1781014000187818350,8/31/2022 8:10,8/31/2022 8:52,164895,4364 Legends Bay Dr,Baytown,Texas,,,,FALSE
zcrm_1781014000187772957,8/31/2022 6:19,8/31/2022 10:02,290725,168 Spyglass Park Lane,Montgomery,Texas,,,,FALSE
zcrm_1781014000187759916,8/30/2022 19:34,9/5/2022 14:30,119603,6189 Four Post Lane,Terrell,Texas,,,,FALSE
zcrm_1781014000187502379,8/30/2022 8:23,8/30/2022 10:52,162318,2409 County Road 809B,Cleburne,Texas,,,,FALSE
zcrm_1781014000187452858,8/30/2022 6:08,8/30/2022 6:35,97202,2226 Rt 6,Hawley,Pennsylvania,,,,FALSE
zcrm_1781014000187441672,8/30/2022 0:37,9/1/2022 18:32,294675,4210 Scarlett Sage Ct,Katy,Texas,,,,FALSE
zcrm_1781014000187357657,8/29/2022 18:32,8/30/2022 7:07,743,4673 Rackowitz Road,Adkins,Texas,,,,FALSE
zcrm_1781014000187180239,8/29/2022 13:37,8/29/2022 14:36,1157,645 CR 404,Seminole,Texas,,,,FALSE
zcrm_1781014000187160590,8/29/2022 12:02,9/6/2022 22:22,33115,5311 Brazos Ct,Midland,Texas,,,,FALSE
zcrm_1781014000187046663,8/29/2022 9:54,9/6/2022 9:39,48486,3839 Dry Creek Dr. #224,Austin,Texas,,,,FALSE
zcrm_1781014000186837728,8/28/2022 10:40,8/28/2022 12:14,268330,750 n Fortune 500,Odessa,Texas,,,,FALSE
zcrm_1781014000186778172,8/27/2022 14:53,9/2/2022 14:15,287507,201 S Old Highway 81,Kyle,Texas,,,,FALSE
zcrm_1781014000186673750,8/26/2022 16:01,8/26/2022 16:42,58163,207 E Harwood Road Unit #18,Euless,Texas,,,,FALSE
zcrm_1781014000186671544,8/26/2022 15:30,9/6/2022 20:09,21545,930 CR 357,Gause,Texas,,,,FALSE
zcrm_1781014000186656950,8/26/2022 14:05,8/31/2022 12:56,86305,102 Beartrap Mountain Rd,Greentown,Pennsylvania,,,,FALSE
zcrm_1781014000186650018,8/26/2022 10:32,8/28/2022 15:20,118500,1900 Barton Springs #2045,Austin,Texas,,,,FALSE
zcrm_1781014000186514649,8/26/2022 8:57,8/26/2022 10:31,70040,2125 Park Willow Lane #D,Arlington,Texas,,,,FALSE
zcrm_1781014000186123440,8/25/2022 10:57,8/26/2022 14:46,207182,8855 Jason Dr,Orange,Texas,,,,FALSE
zcrm_1781014000185779535,8/25/2022 1:15,9/6/2022 19:58,131196,4040 Avondale #402,Dallas,Texas,,,,FALSE
zcrm_1781014000185717342,8/24/2022 13:56,8/24/2022 14:55,131615,11120 Beckon Falls,Waco,Texas,,,,FALSE
zcrm_1781014000185689300,8/24/2022 11:21,2/22/1982 18:00,ID:6eea3b8b-6871-4402-a23b-826503d5284d,868 Milton 94607-3446,Oakland,California,,,,FALSE
zcrm_1781014000185676397,8/24/2022 10:13,8/24/2022 13:04,3554,22255 ROBERTS CEMETERY RD OFFICE/ACTIVITY BLDG,HOCKELY,Texas,,,,FALSE
zcrm_1781014000185674161,8/24/2022 9:31,8/24/2022 19:06,101761,208 Carone Dr,Cogan Station,Pennsylvania,,,,FALSE
zcrm_1781014000185543169,8/24/2022 6:16,8/24/2022 6:16,,Street Industry No.1 800200,Portland,,,,,FALSE
zcrm_1781014000185461368,8/23/2022 15:37,8/24/2022 9:50,34124,1343 CR 4818,Kempner,Texas,,,,FALSE
zcrm_1781014000185460215,8/23/2022 14:31,8/23/2022 14:31,ID:d0531268-40d1-4446-ae1c-43313dace9fb,21824 Dolores Street 94596,Castro Valley,California,,,,FALSE
zcrm_1781014000185436777,8/23/2022 13:29,8/24/2022 18:50,92503,313 Creamery Road Rear,Jermyn,Pennsylvania,,,,FALSE
zcrm_1781014000185220425,8/22/2022 19:01,8/24/2022 20:41,78199,297 Echo Lake rd,Tobyhanna,Pennsylvania,,,,FALSE
zcrm_1781014000185209692,8/22/2022 18:52,8/22/2022 21:33,118293,1099 tawakoni rd,Wills Point,Texas,,,,FALSE
zcrm_1781014000185167650,8/22/2022 13:38,8/25/2022 8:16,363800,5201 Valleyside Dr,Fort Worth,Texas,,,,FALSE
zcrm_1781014000185027124,8/22/2022 9:48,8/24/2022 11:07,175959,300 CR 290,Leander,Texas,,,,FALSE
zcrm_1781014000184952373,8/21/2022 14:15,8/22/2022 12:16,211828,113 Outer Drive,Dingmans Ferry,Pennsylvania,,,,FALSE
zcrm_1781014000184945906,8/21/2022 18:12,8/23/2022 11:58,58829,101 Royal Lane,Commerce,Texas,,,,FALSE
zcrm_1781014000184893032,8/20/2022 13:25,8/20/2022 13:40,33253,262 E Hilltop Road,Elm Mott,Texas,,,,FALSE
zcrm_1781014000184889489,8/20/2022 15:56,8/23/2022 20:51,212850,610 arapahoe,Harker Heights,Texas,,,,FALSE
zcrm_1781014000184882607,8/20/2022 11:11,8/21/2022 14:14,19496,2323 Paige Place,Grand Prairie,Texas,,,,FALSE
zcrm_1781014000184600098,8/19/2022 11:12,8/22/2022 10:01,43534,2900 Sand Hill Circle,Midland,Texas,,,,FALSE
zcrm_1781014000184278470,8/18/2022 16:30,8/22/2022 23:06,64330,6646 E Lovers Ln #306,Dallas,Texas,22-Sep-22,,,FALSE
zcrm_1781014000184184267,8/18/2022 13:28,8/19/2022 15:23,3783,21474 Altuda Drive,Flint,Texas,,,,FALSE
zcrm_1781014000183892239,8/17/2022 21:47,8/17/2022 21:50,3192,18755 Tejada Rd,San Antonio,Texas,,,,FALSE
zcrm_1781014000183829541,8/17/2022 14:57,8/17/2022 15:34,64456,2036 Williams Lakeshore Dr,Kingsland,Texas,,,,FALSE
zcrm_1781014000183821036,8/17/2022 12:47,8/23/2022 15:36,70089,3801 White Hart Drive,Fort Worth,Texas,,,,FALSE
zcrm_1781014000183809764,8/17/2022 13:02,8/17/2022 14:28,179603,432 Cross Ridge Circle N,Fort Worth,Texas,,,,FALSE
zcrm_1781014000183808030,8/17/2022 11:25,8/22/2022 21:16,129173,308 Townfork,Cibolo,Texas,,,,FALSE
zcrm_1781014000183807909,8/17/2022 13:31,8/17/2022 15:15,3765,17740 CR 4307,Larue,Texas,,,,FALSE
zcrm_1781014000183705634,8/17/2022 9:54,8/17/2022 10:58,41869,3812 Fern Ridge Dr.,Longview,Texas,,,,FALSE
zcrm_1781014000183686152,8/17/2022 8:43,9/6/2022 14:26,189710,1712 Wallace St Unit #102,Philadelphia,Pennsylvania,,,,FALSE
zcrm_1781014000183653717,8/17/2022 9:57,9/2/2022 15:01,218927,902 Silverton Dr,Midland,Texas,,,,FALSE
zcrm_1781014000183505171,8/17/2022 4:57,8/17/2022 6:43,163915,797 St Hwy 97 East,Floresville,Texas,,,,FALSE
zcrm_1781014000183473602,8/16/2022 20:47,8/16/2022 20:56,8728,4301 Brookhollow Lane,Colleyville,Texas,,,,FALSE
zcrm_1781014000183470647,8/16/2022 20:40,8/18/2022 1:09,262345,904 Sandy Hill Rd,Burleson,Texas,27-Sep-22,,,FALSE
zcrm_1781014000183468027,8/16/2022 17:55,8/17/2022 8:36,7335,1801 Dover Creek Rd,Aubrey,Texas,,,,FALSE
zcrm_1781014000183457089,8/16/2022 15:26,8/16/2022 16:17,62435,6102 Sewall Blvd #238,Galveston,Texas,,,,FALSE
zcrm_1781014000183453477,8/16/2022 15:36,8/20/2022 8:37,91031,426 and 424 E Logan Street,Bellefonte,Pennsylvania,,,,FALSE
zcrm_1781014000183431323,8/16/2022 12:42,8/18/2022 14:40,68483,509 Endicott Drive,Sherman,Texas,,,,FALSE
zcrm_1781014000183260414,8/16/2022 8:10,8/16/2022 8:58,211793,S-643 Blue Jay Drive,Covington Township,Pennsylvania,,,,FALSE
zcrm_1781014000183246224,8/15/2022 22:47,8/16/2022 12:25,ID:90b3cefd-69cd-4e16-adba-04ca2b778ddc,4320 West Lake Mead Boulevard #101 89108,Las Vegas,Nevada,30-Nov-22,,,FALSE
zcrm_1781014000183133439,8/15/2022 11:29,8/15/2022 16:02,6759,1001 Liberty Street #117,Dallas,Texas,30-Sep-22,,,FALSE
zcrm_1781014000183066442,8/14/2022 16:26,8/14/2022 17:32,53984,2726 Dominico Ln,League City,Texas,,,,FALSE
zcrm_1781014000182996384,8/13/2022 15:15,8/22/2022 18:09,95949,1474 Sullivan Trail,Tannersville,Pennsylvania,,,,FALSE
zcrm_1781014000182922329,8/12/2022 15:54,8/17/2022 19:49,353245,4061 VZ County Road 3501,Wills Point,Texas,,,,FALSE
zcrm_1781014000182779440,8/12/2022 10:39,8/12/2022 10:45,336741,19079 Gainesway Drive,Flint,Texas,,,,FALSE
zcrm_1781014000182759924,8/12/2022 12:05,8/12/2022 13:20,86078,733 Theresia St,St Marys,Pennsylvania,,,,FALSE
zcrm_1781014000182553310,8/11/2022 17:44,8/13/2022 21:52,266831,Courtland Pl. Back House,San Antonio,Texas,,,,FALSE
zcrm_1781014000182532905,8/11/2022 16:33,8/14/2022 14:37,ID:0903e4a4-2f82-4375-8562-6af404606736,17862 VÃ­a Vallarta 91316,Encino,California,15-Sep-22,,,FALSE
zcrm_1781014000182519674,8/11/2022 14:49,8/13/2022 0:53,279171,2775 Enclave Drove,Frisco,Texas,,,,FALSE
zcrm_1781014000182517268,8/11/2022 14:15,8/11/2022 16:39,33708,236 Tawny Bark Drive,Mooresville,North Carolina,,,,FALSE
zcrm_1781014000182418277,8/11/2022 11:56,8/11/2022 12:13,212319,10855 Meadowglen Lane #933,Houston,Texas,,,,FALSE
zcrm_1781014000182380172,8/11/2022 11:30,8/12/2022 13:19,33630,"2255 Braeswood Park Dr, #325",Houston,Texas,,,,FALSE
zcrm_1781014000182195560,8/10/2022 15:35,8/11/2022 16:35,51770,801 Luther Street #1303,College Station,Texas,,,,FALSE
zcrm_1781014000182195522,8/10/2022 15:29,8/10/2022 19:11,507,107 Greystone - Main,Boerne,Texas,,,,FALSE
zcrm_1781014000182185120,8/10/2022 12:32,8/13/2022 7:43,29942,18525 County Rd. 5722,Castroville,Texas,,,,FALSE
zcrm_1781014000182101340,8/10/2022 10:32,8/10/2022 17:53,265258,118 Jordan lp,Nolanville,Texas,,,,FALSE
zcrm_1781014000181911861,8/10/2022 9:29,8/12/2022 14:52,241985,618 VZCR 3416,Wills Point,Texas,,,,FALSE
zcrm_1781014000181842751,8/9/2022 23:54,8/10/2022 0:09,ID:d549c057-89eb-4e61-8d8a-19ca43da8620,"26188 9th St, Highland CA 92346-3403 92346-3403",Highland,California,3-Oct-22,,,FALSE
zcrm_1781014000181831859,8/9/2022 22:07,8/9/2022 23:44,195525,805 CHESNUT,COLORADO CITY,Texas,,,,FALSE
zcrm_1781014000181823104,8/9/2022 16:57,8/10/2022 10:05,219069,6144 N FM 157,Venus,Texas,,,,FALSE
zcrm_1781014000181430544,8/8/2022 18:59,8/9/2022 7:45,80922,9 Bentwood Rd,Drums,Pennsylvania,,,,FALSE
zcrm_1781014000181314629,8/8/2022 14:06,8/10/2022 16:47,49927,6700 Cooper Lane #28,Austin,Texas,,,,FALSE
zcrm_1781014000181114054,8/8/2022 9:08,8/10/2022 16:05,81761,195 Robin Way,Lackawaxen,Pennsylvania,,,,FALSE
zcrm_1781014000181050708,8/8/2022 7:18,8/8/2022 8:23,81435,54 School House Drive,Troy,Pennsylvania,,,,FALSE
zcrm_1781014000180983065,8/6/2022 15:12,8/9/2022 8:09,272491,441 W St Railroad St.,China,Texas,,,,FALSE
zcrm_1781014000180951342,8/6/2022 11:40,8/9/2022 20:32,308144,2515 FM 450 N,Hallsville,Texas,,,,FALSE
zcrm_1781014000180921713,8/6/2022 8:23,8/9/2022 11:13,58782,1500 Pecos St #17,Dallas,Texas,,,,FALSE
zcrm_1781014000180910010,8/5/2022 19:22,8/6/2022 12:15,107091,119 KATHERINE DRIVE,DAINGERFIELD,Texas,,,,FALSE
zcrm_1781014000180900726,8/5/2022 20:40,8/10/2022 8:24,37430,4805 North FM 3465,Adkins,Texas,30-Sep-22,,,FALSE
zcrm_1781014000180893331,8/5/2022 17:08,8/5/2022 17:34,132834,16340 Beacons Jet Ct,Lindale,Texas,,,,FALSE
zcrm_1781014000180887367,8/5/2022 16:44,8/10/2022 16:20,292981,7950 N Stadium dr #177,Houston,Texas,19-Sep-22,,,FALSE
zcrm_1781014000180666352,8/4/2022 10:44,8/4/2022 10:51,262497,36-38 Lancaster Ave,Downingtown,Pennsylvania,,,,FALSE
zcrm_1781014000180556915,8/4/2022 10:05,8/8/2022 16:06,21689,3935 County Road 239,Georgetown,Texas,12-Oct-22,,,FALSE
zcrm_1781014000180520220,8/4/2022 7:59,8/4/2022 8:23,115875,16 Mapleseed Drive,Dallas,Pennsylvania,,,,FALSE
zcrm_1781014000180295293,8/3/2022 14:27,8/3/2022 14:34,88526,1829 West 24th Street,Erie,Pennsylvania,,,,FALSE
zcrm_1781014000180072556,8/2/2022 23:18,8/3/2022 15:34,32797,510 CR 2147,Troup,Texas,,,,FALSE
zcrm_1781014000179988064,8/2/2022 15:03,8/2/2022 20:30,90913,2118 Poplar St.,Erie,Pennsylvania,,,,FALSE
zcrm_1781014000179940815,8/2/2022 12:33,8/2/2022 12:46,189710,568 Canterbury Ct,Norristown,Pennsylvania,,,,FALSE
zcrm_1781014000179704235,8/2/2022 0:01,9/8/2022 0:20,5487,16909 E Dorman Drive,Round Rock,Texas,,,,FALSE
zcrm_1781014000179471113,8/1/2022 14:23,8/3/2022 19:53,131736,11609 County Road 1310,Wolfforth,Texas,,,,FALSE
zcrm_1781014000178980175,7/31/2022 11:04,7/31/2022 19:00,92113,197 Selig Road,Pocono Lake,Pennsylvania,,,,FALSE
zcrm_1781014000178863589,7/30/2022 13:42,7/30/2022 21:01,104754,651 S Bois D Ark,Van,Texas,,,,FALSE
zcrm_1781014000178852752,7/30/2022 12:08,7/30/2022 14:05,104425,2910 Gardner,Tyler,Texas,29-Aug-22,,,TRUE
zcrm_1781014000178727329,7/29/2022 15:49,7/29/2022 16:35,193903,694 CR 385 Rd,El Campo,Texas,30-Sep-22,,,FALSE
zcrm_1781014000178672110,7/29/2022 10:42,7/29/2022 12:28,201905,1312 Anhalt Dr #80,Pflugerville,Texas,,,,FALSE
zcrm_1781014000178657417,7/29/2022 10:43,7/29/2022 10:55,211828,103 Iroquois Trail,Milford,Pennsylvania,,,,FALSE
zcrm_1781014000178516594,7/29/2022 8:36,8/7/2022 9:06,130012,NS 12 Lake Cherokee,Longview,Texas,,,,FALSE
zcrm_1781014000178334001,7/28/2022 20:33,7/29/2022 15:26,201905,1010 Rolling Green Dr,Round Rock,Texas,,,,FALSE
zcrm_1781014000178307010,7/28/2022 16:35,8/3/2022 10:18,7393,844 Willow Winds Street,Allen,Texas,,,,FALSE
zcrm_1781014000178249706,7/28/2022 15:21,7/28/2022 17:20,80880,67 Britt Drive,Lehighton,Pennsylvania,14-Oct-22,,,FALSE
zcrm_1781014000178041507,7/28/2022 6:59,8/4/2022 16:37,79553,510 Fox Street,Franklin,Pennsylvania,,,,FALSE
zcrm_1781014000177966770,7/27/2022 17:04,7/27/2022 19:41,306760,620 N ELDRIDGE PKY # 0010,HOUSTON,Texas,,,,FALSE
zcrm_1781014000177958403,7/27/2022 15:43,8/8/2022 13:44,134102,1430 Grigsby Avenue #101,Dallas,Texas,20-Sep-22,,,FALSE
zcrm_1781014000177952560,7/27/2022 15:12,7/28/2022 9:15,297572,8225 CR 219,Tyler,Texas,,,,FALSE
zcrm_1781014000177924241,7/27/2022 11:45,7/27/2022 12:41,356745,64 Edge Rock Drive,Drums,Pennsylvania,,,,FALSE
zcrm_1781014000177856722,7/27/2022 11:27,9/6/2022 14:36,158,8110 Ranch Road 2222 #39,Austin,Texas,,,,FALSE
zcrm_1781014000177673670,7/26/2022 19:04,8/7/2022 12:18,246513,702 Sentinel Oaks Drive,Pinehurst,Texas,,,,FALSE
zcrm_1781014000177643960,7/26/2022 15:38,7/26/2022 17:24,176720,3319 Avenue O 1/2 st,Galveston,Texas,,,,FALSE
zcrm_1781014000177635855,7/26/2022 15:10,7/27/2022 11:17,ID:5502d201-cd13-4f28-98c9-2a4de85be5f5,"2036 Cobblefield Way, Glendora CA 91740-6708 91740-6708",Glendora,California,,,,FALSE
zcrm_1781014000177460453,7/26/2022 8:05,7/28/2022 7:34,51689,4891 Oakland Dr,Bryan,Texas,,,,FALSE
zcrm_1781014000177095890,7/25/2022 6:27,7/29/2022 12:40,314664,Jodonna Oeltjen,Wylie,Texas,,,,FALSE
zcrm_1781014000177025259,7/23/2022 17:24,7/23/2022 20:31,3656,1200 Barton Creek Blvd #36,Austin,Texas,,,,FALSE
zcrm_1781014000176893672,7/22/2022 16:11,7/22/2022 16:50,80922,9 Bentwood Road,Drums,Pennsylvania,,,,FALSE
zcrm_1781014000176884419,7/22/2022 14:48,7/23/2022 6:22,9405,3163 FM 1966,Maxwell,Texas,,,,FALSE
zcrm_1781014000176685912,7/22/2022 9:13,7/22/2022 10:16,105746,2922 Emory Falls,San Antonio,Texas,31-Aug-22,,,FALSE
zcrm_1781014000176588154,7/21/2022 15:04,7/26/2022 23:10,11689,10306 Rinderfarm Ct,New Braunfels,Texas,,,,FALSE
zcrm_1781014000175952827,7/20/2022 11:06,7/26/2022 13:35,344787,1466 CR 432,Joaquin,Texas,,,,FALSE
zcrm_1781014000175922647,7/19/2022 22:47,7/26/2022 22:59,193819,200 CR 4244,Bonham,Texas,,,,FALSE
zcrm_1781014000175916422,7/19/2022 21:30,7/19/2022 21:35,55455,10009 Portsmouth,Spring Branch,Texas,,,,FALSE
zcrm_1781014000175818187,7/19/2022 13:32,7/20/2022 10:03,308004,5210 Mendenall Dr,Mechanicsburg,Pennsylvania,,,,FALSE
zcrm_1781014000175654674,7/19/2022 10:30,7/20/2022 17:46,68098,729 Nautical Loop,Kyle,Texas,,,,FALSE
zcrm_1781014000175629857,7/19/2022 8:37,7/19/2022 9:27,58023,3029 Rain Dance Lp,Harker Heights,Texas,,,,FALSE
zcrm_1781014000175571414,7/18/2022 18:38,7/18/2022 19:50,73816,3701 E. Hwy 21,DIME BOX,Texas,,,,FALSE
zcrm_1781014000175501738,7/18/2022 14:39,8/18/2022 12:42,347974,2120 Rodgers Ln,Aubrey,Texas,,,,FALSE
zcrm_1781014000175493007,7/18/2022 12:13,8/4/2022 12:41,14125,1111 Caroline Street #2703,Houston,Texas,,,,FALSE
zcrm_1781014000175351208,7/18/2022 10:06,7/19/2022 10:05,68483,4713 Amesbury Lane,Sherman,Texas,,,,FALSE
zcrm_1781014000175236063,7/17/2022 8:08,7/17/2022 8:56,261317,4318 ACR 309,Frankston,Texas,,,,FALSE
zcrm_1781014000175112395,7/15/2022 21:02,7/17/2022 8:22,72822,3630 BRIGHT MOON COURT KATY,Katy,Texas,14-Sep-22,,,FALSE
zcrm_1781014000175060514,7/15/2022 14:48,7/15/2022 15:45,5022,201 W Lancaster Ave #322,Fort Worth,Texas,,,,FALSE
zcrm_1781014000174903570,7/15/2022 8:10,7/15/2022 11:30,74896,8530 Sacred Lotus Way Ln,Rosharon,Texas,,,,FALSE
zcrm_1781014000174887949,7/15/2022 10:05,7/18/2022 6:21,59858,21888 A Ghost Rd,Saratoga,Texas,,,,FALSE
zcrm_1781014000174773912,7/14/2022 18:43,7/15/2022 8:23,76500,503 Meeker Rd,Kerrville,Texas,,,,FALSE
zcrm_1781014000174099015,7/13/2022 16:59,7/14/2022 13:54,5742,1937 Rue St Tropez #9,Austin,Texas,9-Sep-22,,,FALSE
zcrm_1781014000174081083,7/13/2022 15:57,7/18/2022 16:25,205568,700 Island Retreat Rd #163,Port Aransas,Texas,,,,FALSE
zcrm_1781014000174076223,7/13/2022 15:55,7/18/2022 8:18,205568,700 Island Retreat Rd #162,Port Aransas,Texas,,,,FALSE
zcrm_1781014000173924939,7/13/2022 11:37,7/13/2022 13:17,50017,3641 Glenway st.,Corpus Christi,Texas,,,,FALSE
zcrm_1781014000173833981,7/13/2022 7:43,7/13/2022 12:50,38717,11809 FM 307,Midland,Texas,,,,FALSE
zcrm_1781014000173797279,7/12/2022 16:44,7/14/2022 8:51,299350,204 Champions Cove,Lago Vista,Texas,,,,FALSE
zcrm_1781014000173739312,7/12/2022 13:29,7/13/2022 8:08,89494,2191 Lehigh Drive,Pocono Lake,Pennsylvania,,,,FALSE
zcrm_1781014000173723437,7/12/2022 13:17,7/12/2022 13:42,113253,48 East Ave #2501,Austin,Texas,,,,FALSE
zcrm_1781014000173448589,7/11/2022 16:54,8/16/2022 18:36,53027,550 Guston Ct,Conroe,Texas,,,,FALSE
zcrm_1781014000173444785,7/11/2022 16:52,7/18/2022 12:22,131615,11120 Beckon Falls,Waco,Texas,,,,FALSE
zcrm_1781014000173429773,7/11/2022 15:24,7/11/2022 17:51,50569,27 N. Haversham Court,Conroe,Texas,,,,FALSE
zcrm_1781014000173429002,7/11/2022 14:01,7/11/2022 15:12,222689,744 Buffalo St.,Franklin,Pennsylvania,,,,FALSE
zcrm_1781014000173373057,7/11/2022 11:44,7/14/2022 20:51,8737,745 County Rd. 4669,Boyd,Texas,,,,FALSE
zcrm_1781014000173225069,7/11/2022 9:25,7/11/2022 9:31,79220,7576 Route 487,Mildred,Pennsylvania,,,,FALSE
zcrm_1781014000173162812,7/10/2022 20:52,7/10/2022 20:54,272231,1101 County Road 214,Liberty Hill,Texas,9-Sep-22,,,FALSE
zcrm_1781014000172752194,7/8/2022 10:13,7/13/2022 16:39,95579,234 Avalanche Ln,Drums,Pennsylvania,,,,FALSE
zcrm_1781014000172545142,7/7/2022 19:14,7/7/2022 20:09,3385,329 Starvation Hill Ln,PIPE CREEK,Texas,,,,FALSE
zcrm_1781014000172005050,7/7/2022 2:25,7/19/2022 17:40,ID:e5bea60d-bd93-435a-a6c8-09600deb9a35,"11501 Decente Dr, Studio City CA 91604-3869 91604-3869",Studio City,California,,,,FALSE
zcrm_1781014000171854828,7/6/2022 13:33,7/8/2022 22:48,89494,1170 Kinta Circle,Pocono Lake,Pennsylvania,,,,FALSE
zcrm_1781014000171583574,7/5/2022 18:16,7/5/2022 22:30,63012,5707 S FM 565 Rd,Baytown,Texas,,,,FALSE
zcrm_1781014000171554074,7/5/2022 14:25,8/20/2022 20:55,331301,25269 CR 460,Grand Saline,Texas,,,,FALSE
zcrm_1781014000171539631,7/5/2022 13:47,7/5/2022 19:41,3569,104 Wind Flower Track Court,Willis,Texas,,,,FALSE
zcrm_1781014000171535036,7/5/2022 13:06,7/13/2022 21:07,321389,2122 Mallard Ct,Lewisville,Texas,,,,FALSE
zcrm_1781014000170590260,7/1/2022 23:58,9/8/2022 0:15,192589,5604 Overton Drive,Parker,Texas,,,,FALSE
zcrm_1781014000170550375,7/1/2022 16:51,7/6/2022 9:43,158,105 Regents Lane,Liberty Hill,Texas,,,,FALSE
zcrm_1781014000170445848,7/1/2022 11:11,7/18/2022 13:09,44366,7950 County Road 4613,Athens,Texas,,,,FALSE
zcrm_1781014000170373034,7/1/2022 8:55,7/8/2022 13:23,110888,8302 Old York Rd. #A24,Elkins Park,Pennsylvania,19-Sep-22,,,FALSE
zcrm_1781014000169909588,6/30/2022 12:27,6/30/2022 12:33,157196,613 Tribet Plae,Colwyn,Pennsylvania,,,,FALSE
zcrm_1781014000169564372,6/29/2022 12:04,7/5/2022 23:15,337083,5701 Corkin Lane,Raleigh,North Carolina,,,,FALSE
zcrm_1781014000169472040,6/29/2022 9:27,7/11/2022 18:21,28622,2401 Manor Road #116,Austin,Texas,,,,FALSE
zcrm_1781014000169189661,6/28/2022 16:04,6/28/2022 18:27,75903,1110 Vanderbuilt Cir,Pflugerville,Texas,,,,FALSE
zcrm_1781014000169184172,6/28/2022 13:59,6/28/2022 14:07,344787,576 Piney Groves School Rd,Marshall,Texas,,,,FALSE
zcrm_1781014000169156244,6/28/2022 11:12,7/6/2022 12:02,4302,334 Ranch Gate Lane,Frisco,Texas,,,,FALSE
zcrm_1781014000168950058,6/27/2022 13:27,6/29/2022 11:57,98105,414 Rosecliff Drive,Wexford,Pennsylvania,,,,FALSE
zcrm_1781014000168948708,6/27/2022 14:36,7/8/2022 10:18,269,6103 Lake Shore Drive,Lago Vista,Texas,,,,FALSE
zcrm_1781014000168840634,6/27/2022 10:16,6/27/2022 17:52,92317,516 Cornerstone Way,East Stroudsburg,Pennsylvania,27-Sep-22,,,FALSE
zcrm_1781014000168799358,6/27/2022 9:40,6/27/2022 10:59,43838,2930 Waters Edge,Quinlan,Texas,,,,FALSE
zcrm_1781014000168625207,6/26/2022 14:39,6/29/2022 15:40,3708,914 W 22 1/2 #305,Austin,Texas,,,,FALSE
zcrm_1781014000168479283,6/24/2022 19:49,6/24/2022 20:56,ID:5502d201-cd13-4f28-98c9-2a4de85be5f5,"2036 Cobblefield Way, Glendora CA 91740-6708 91740-6708",Glendora,California,,,,FALSE
zcrm_1781014000168417432,6/24/2022 14:54,6/26/2022 7:59,205568,5601 St Hwy 361 #109,Port Aransas,Texas,,,,FALSE
zcrm_1781014000167464024,6/22/2022 16:03,6/22/2022 18:20,32991,312 E Newland Dr,Robinson,Texas,,,,FALSE
zcrm_1781014000167460639,6/22/2022 17:06,6/22/2022 17:09,3554,10 FAIRWAY OAKS PLACE DR,THE WOODLANDS,Texas,,,,FALSE
zcrm_1781014000167437567,6/22/2022 15:25,6/25/2022 11:39,200902,559 CR 129,Alice,Texas,,,,FALSE
zcrm_1781014000167427599,6/22/2022 14:35,7/14/2022 9:48,154320,540 County Road 4470,Decatur,Texas,,,,FALSE
zcrm_1781014000167423946,6/22/2022 15:31,6/24/2022 7:53,7375,10400 Little Horn Cir.,Frisco,Texas,,,,FALSE
zcrm_1781014000167414354,6/22/2022 12:41,6/22/2022 15:18,65205,7901 Southwest Parkway #26,Austin,Texas,13-Oct-22,,,FALSE
zcrm_1781014000167394524,6/22/2022 11:02,7/3/2022 8:03,83574,2413 Woodcrest Drive,East Stroudsburg,Pennsylvania,,,,FALSE
zcrm_1781014000167384937,6/22/2022 11:30,6/23/2022 11:01,98019,38 Deep Hollow Rd,Lancaster,Pennsylvania,30-Sep-22,,,FALSE
zcrm_1781014000166877754,6/21/2022 11:09,6/21/2022 12:11,107674,1234 Schitt's Creek,Austin,Texas,,,,FALSE
zcrm_1781014000166565225,6/20/2022 13:58,6/22/2022 13:29,41869,11979 FM 344 W,Bullard,Texas,,,,FALSE
zcrm_1781014000166268262,6/19/2022 14:05,6/20/2022 13:30,193278,1826A Wichita St,Houston,Texas,,,,FALSE
zcrm_1781014000166224190,6/18/2022 15:01,7/22/2022 16:55,235200,7626 Pheasant Run Ln,Humble,Texas,7-Sep-22,,,FALSE
zcrm_1781014000166182922,6/18/2022 12:08,9/6/2022 11:20,329756,8175 CR 2419,Royce City,Texas,,,,FALSE
zcrm_1781014000166027582,6/17/2022 13:07,6/24/2022 11:27,189608,21 Woodesdge Road,Norristown,Pennsylvania,,,,FALSE
zcrm_1781014000165764183,6/16/2022 16:47,6/17/2022 6:38,14673,2308 Acacia Drive,Richardson,Texas,,,,FALSE
zcrm_1781014000165722207,6/16/2022 13:38,6/17/2022 14:20,3053,7526 Legend Rock,San Antonio,Texas,,,,FALSE
zcrm_1781014000165719271,6/16/2022 13:26,6/16/2022 14:40,338026,411 Arden Oaks Cir,Cape Carteret,North Carolina,,,,FALSE
zcrm_1781014000165682506,6/16/2022 11:44,6/16/2022 17:17,275655,3402 Garrott St. Unit #10,Houston,Texas,,,,FALSE
zcrm_1781014000165252131,6/14/2022 22:15,6/14/2022 23:07,301022,1372 Sconsett Way,State College,Pennsylvania,12-Sep-22,,,FALSE
zcrm_1781014000165078903,6/14/2022 11:11,6/21/2022 14:13,51639,1110 Marstellar Avenue,College Station,Texas,,,,FALSE
zcrm_1781014000164808498,6/13/2022 18:10,6/13/2022 18:47,225304,11131 Cupflower,San Antonio,Texas,,,,FALSE
zcrm_1781014000164685673,6/13/2022 12:43,6/17/2022 13:36,338642,7862 Hendrick Farm,San Antonio,Texas,12-Aug-22,,,TRUE
zcrm_1781014000164644746,6/13/2022 12:23,6/15/2022 19:22,129167,1028 Chad Loop,Round Rock,Texas,,,,TRUE
zcrm_1781014000164599694,6/13/2022 9:49,6/16/2022 16:11,335868,4123 Crosswinds Street,Burleson,Texas,,,,FALSE
zcrm_1781014000164519945,6/12/2022 18:43,6/12/2022 21:58,244836,4427 SW 14th,Amarillo,Texas,,,,FALSE
zcrm_1781014000164410710,6/11/2022 14:41,6/13/2022 11:36,60626,25051 CR 350,Mathis,Texas,,,,FALSE
zcrm_1781014000164328856,6/10/2022 18:47,6/12/2022 21:25,119050,1403 CR 2101,Kemp,Texas,,,,FALSE
zcrm_1781014000164215611,6/10/2022 11:44,6/10/2022 16:54,240393,125 Landis Road,San Antonio,Texas,,,,FALSE
zcrm_1781014000163676160,6/9/2022 19:29,6/14/2022 21:05,81514,544 Pinecrest Dr,Pocono Pines,Pennsylvania,,,,FALSE
zcrm_1781014000162750967,6/8/2022 15:23,6/8/2022 15:57,123866,117 Brookedale Dr,League City,Texas,,,,FALSE
zcrm_1781014000162385760,6/8/2022 5:53,6/8/2022 7:04,73450,2526 Branch Oaks,Garland,Texas,,,,FALSE
zcrm_1781014000162371046,6/7/2022 18:34,6/7/2022 18:34,ID:5c4bf6ce-0535-412d-925d-df5001d26f4b,1235 Main Street 63366,O'Fallen,Missouri,,,,FALSE
zcrm_1781014000161937759,6/6/2022 17:25,6/6/2022 18:41,197354,1980 County Road 3040,Bonham,Texas,,,,FALSE
zcrm_1781014000161892723,6/6/2022 15:31,7/21/2022 17:30,28608,1404 Haskell St. #2,Austin,Texas,,,,FALSE
zcrm_1781014000161875677,6/6/2022 13:44,6/6/2022 13:58,48468,11812 Monterroso,Austin,Texas,,,,FALSE
zcrm_1781014000161484287,6/3/2022 19:58,7/1/2022 13:19,262993,116 S Hoopkins St,Sayre,Pennsylvania,,,,FALSE
zcrm_1781014000161236030,6/2/2022 23:53,6/3/2022 13:20,ID:d4389fa6-ca67-4980-aee4-d78074276fe6,255 Easy Street #12 94043,Mountain View,California,,,,FALSE
zcrm_1781014000161146902,6/2/2022 16:03,6/2/2022 20:22,114488,219 Loesch Drive,Elgin,Texas,,,,FALSE
zcrm_1781014000161138422,6/2/2022 14:30,6/2/2022 17:01,278183,104 Pineneedle Ct,Lackawaxen,Pennsylvania,,,,FALSE
zcrm_1781014000161015275,6/2/2022 8:47,6/3/2022 16:46,3308,"1207 Village Dr, #1207",San Antonio,Texas,,,,FALSE
zcrm_1781014000160465357,5/31/2022 13:50,6/3/2022 12:11,112579,1959 Pillard Summit,San Antonio,Texas,,,,FALSE
zcrm_1781014000160431784,5/31/2022 13:37,6/2/2022 9:40,211828,145 Seneca Trail,Dingmans Ferry,Pennsylvania,,,,FALSE
zcrm_1781014000159826579,5/27/2022 14:11,5/27/2022 14:26,220623,Tammy Horton,3918 Lake Star Dr.,Texas,,,,FALSE
zcrm_1781014000159761123,5/27/2022 9:23,5/31/2022 10:44,213860,7225 NC Highway 62,Trinity,North Carolina,,,,FALSE
zcrm_1781014000159293548,5/26/2022 9:39,5/26/2022 10:09,7375,4060 Richardson St.,Malakoff,Texas,,,,FALSE
zcrm_1781014000158875531,5/24/2022 21:24,5/27/2022 8:43,203029,418 CR 530,Eastland,Texas,,,,FALSE
zcrm_1781014000158728958,5/24/2022 12:09,5/24/2022 16:06,328998,909 Brentview Rd,Pittsburgh,Pennsylvania,,,,FALSE
zcrm_1781014000158249016,5/23/2022 7:32,8/6/2022 9:26,46200,15324 Milmo,Ft Worth,Texas,,,,FALSE
zcrm_1781014000158144458,5/22/2022 18:23,6/21/2022 23:36,182127,250 CR 4380,Winnsboro,Texas,,,,FALSE
zcrm_1781014000158021921,5/21/2022 7:11,5/24/2022 12:14,155621,1056 Neola Church Rd,Stroudsburg,Pennsylvania,,,,FALSE
zcrm_1781014000157995061,5/20/2022 16:11,5/20/2022 17:42,73745,998 CR 3190,Colmesneil,Texas,,,,FALSE
zcrm_1781014000157960957,5/20/2022 15:29,5/21/2022 17:34,21717,112705 Little Blue Stem Cove,Austin,Texas,,,,FALSE
zcrm_1781014000157949440,5/20/2022 12:35,8/11/2022 9:24,70017,17106 Fable Springs Road,Cypress,Texas,,,,FALSE
zcrm_1781014000157122657,5/18/2022 17:35,5/18/2022 21:32,89494,1067 Seven Nations Drive,Tobyhanna,Pennsylvania,,,,FALSE
zcrm_1781014000157073985,5/18/2022 14:00,5/18/2022 17:42,11164,674 County Rd 232,Nacogdoches,Texas,,,,FALSE
zcrm_1781014000157069756,5/18/2022 13:12,5/19/2022 9:11,13957,TBD County Road 4691,WALLER,Texas,,,,FALSE
zcrm_1781014000157066847,5/18/2022 13:28,5/18/2022 13:40,328391,1714 Ealge Point Rd.,Crosby,Texas,,,,FALSE
zcrm_1781014000156728631,5/17/2022 21:27,5/30/2022 14:04,21540,1139 Gunter St #A,Austin,Texas,,,,FALSE
zcrm_1781014000156688969,5/17/2022 18:35,5/18/2022 8:25,112107,4127 Cypress Creek Dr,Spring,Texas,,,,FALSE
zcrm_1781014000156352328,5/16/2022 15:28,5/18/2022 16:02,32454,4704 SCR 1200,Midland,Texas,,,,FALSE
zcrm_1781014000156264384,5/16/2022 10:10,5/19/2022 20:16,95122,14086 US 322,Brookville,Pennsylvania,,,,FALSE
zcrm_1781014000155893735,5/13/2022 14:44,5/16/2022 6:10,7410,210 Laurel Ridge Circle,Sherman,Texas,13-Sep-22,,,FALSE
zcrm_1781014000155883801,5/13/2022 14:19,5/13/2022 15:46,143144,10157 Private Road 367,Hawley,Texas,,,,FALSE
zcrm_1781014000155826810,5/13/2022 12:24,5/15/2022 15:47,113833,11400 Starling Ranch Trl,Fort Worth,Texas,,,,FALSE
zcrm_1781014000155518897,5/12/2022 17:08,5/12/2022 17:57,159705,5076 Red Rock Road,Franklin,Texas,,,,FALSE
zcrm_1781014000155371265,5/12/2022 13:30,5/12/2022 14:02,178479,4810 Silverleaf Ct,Temple,Texas,,,,FALSE
zcrm_1781014000154921643,5/11/2022 15:09,5/12/2022 9:46,109039,1509 Cr 119B,Burnet,Texas,,,,FALSE
zcrm_1781014000154656044,5/10/2022 20:51,5/11/2022 16:12,311170,1256 Aldrich Road,Millerton,Pennsylvania,,,,FALSE
zcrm_1781014000154635947,5/10/2022 21:24,5/11/2022 21:52,68468,3115 W Stafford,Denison,Texas,,,,FALSE
zcrm_1781014000154577500,5/10/2022 15:58,5/10/2022 21:01,55694,5870 STATE HWY 135 N,JACKSONVILLE,Texas,,,,FALSE
zcrm_1781014000154006011,5/9/2022 11:29,5/10/2022 11:42,ID:1941c87d-661e-4689-bdce-3cfbee6ddd5b,"255 N. Sierra St., Unit #511 89501",Reno,Nevada,,,,FALSE
zcrm_1781014000153503203,5/6/2022 14:22,5/6/2022 14:26,117394,1443 Otter Street,Franklin,Pennsylvania,,,,FALSE
zcrm_1781014000153253802,5/5/2022 20:47,5/9/2022 8:38,157271,7603 Bit Cir,Elmendorf,Texas,,,,FALSE
zcrm_1781014000153238810,5/5/2022 17:35,5/7/2022 11:15,211754,166 Devil's Hole Road,Cresco,Pennsylvania,,,,FALSE
zcrm_1781014000151652933,4/30/2022 11:44,4/30/2022 16:34,286249,588 E. Harborside Rd,Oriental,North Carolina,,,,FALSE
zcrm_1781014000151327749,4/29/2022 10:51,4/30/2022 11:31,ID:7758e276-3f63-4fb4-83db-e6e723b09ae8,"2383 Independence Rd, Railroad Flat CA 95248 95248",Railroad Flat,California,,,,FALSE
zcrm_1781014000151194508,4/28/2022 16:51,4/29/2022 17:58,223802,2101 CR 219,Florence,Texas,,,,FALSE
zcrm_1781014000150915912,4/27/2022 18:04,4/28/2022 14:37,120731,5922 Echoway,San Antonio,Texas,,,,FALSE
zcrm_1781014000150484305,4/26/2022 10:31,4/26/2022 10:42,123832,18418 CR 2106,Arp,Texas,,,,FALSE
zcrm_1781014000150148106,4/25/2022 11:53,4/25/2022 20:37,112959,1228 Highway 73,Winnie,Texas,,,,FALSE
zcrm_1781014000150083086,4/25/2022 9:56,4/25/2022 22:35,ID:150abce0-54c6-40d9-a70a-bc69de9edf79,84356 S 4725 road 74960-3806,STILWELL,Oklahoma,,,,FALSE
zcrm_1781014000149837289,4/23/2022 14:43,6/30/2022 10:42,51959,5307 Daniels Ln.,Richmond,Texas,,,,FALSE
zcrm_1781014000149679612,4/22/2022 14:23,4/22/2022 16:24,76500,"Rancho Paula Verde East, LOT 16, AC 69.",Roclksprings,Texas,,,,FALSE
zcrm_1781014000149171116,4/21/2022 11:43,4/21/2022 15:15,166746,1471 NW County Road 2020,Corsicana,Texas,,,,FALSE
zcrm_1781014000148620736,4/19/2022 19:51,5/18/2022 15:59,169598,3678 Hidden Drive #101,San Antonio,Texas,,,,FALSE
zcrm_1781014000148605619,4/19/2022 16:44,4/19/2022 19:14,89494,131 Comanche Trail,Pocono Lake,Pennsylvania,,,,FALSE
zcrm_1781014000148571463,4/19/2022 14:43,8/8/2022 23:14,114850,6305 Opal Hill Courth,Fort Worth,Texas,,,,FALSE
zcrm_1781014000148527483,4/19/2022 12:15,4/21/2022 9:26,62681,509 N State Highway 359,Mathis,Texas,,,,FALSE
zcrm_1781014000148121145,4/18/2022 12:24,4/18/2022 12:24,3247,529 Candlegloo,Windcrest,Texas,,,,FALSE
zcrm_1781014000147900920,4/17/2022 9:40,4/28/2022 9:33,169896,215 Whispering Oaks St.,Taylor Lake Village,Texas,9-Sep-22,,,FALSE
zcrm_1781014000147670997,4/15/2022 14:16,4/16/2022 18:47,128591,20100 Old Highway 105 Tiny Home,Cleveland,Texas,,,,FALSE
zcrm_1781014000147588470,4/14/2022 17:33,4/14/2022 19:52,288029,359 CR 3605,Bullard,Texas,,,,FALSE
zcrm_1781014000146971723,4/12/2022 16:08,6/8/2022 15:31,237347,6449 Stotle Lane,Fort Worth,Texas,,,,FALSE
zcrm_1781014000146954390,4/12/2022 12:27,4/21/2022 18:44,202749,2501 Buckley Lane,Round Rock,Texas,,,,FALSE
zcrm_1781014000146830557,4/12/2022 10:15,4/13/2022 11:48,130019,105 Shawnee Dr,Hallsville,Texas,,,,FALSE
zcrm_1781014000146660231,4/11/2022 14:25,4/11/2022 16:01,62641,3602 Shouse Rd,Santa Fe,Texas,,,,FALSE
zcrm_1781014000146556681,4/11/2022 10:41,4/22/2022 14:14,ID:877d91b5-1f44-4f0e-b8af-1011ed7b3fdf,130 Goss Ave 95060,Santa Cruz,California,,,,FALSE
zcrm_1781014000146196720,4/9/2022 8:47,4/11/2022 10:35,211763,437 Westcolang Road,Hawley,Pennsylvania,,,,FALSE
zcrm_1781014000146133481,4/8/2022 14:46,4/8/2022 16:09,104730,17995 Country Club Drive,Kemp,Texas,,,,FALSE
zcrm_1781014000145217225,4/5/2022 16:51,4/6/2022 7:47,76597,232 CR 144A,Marble Falls,Texas,,,,FALSE
zcrm_1781014000144877088,4/4/2022 12:52,4/4/2022 12:58,166600,10242 Flynn Rd.,Warren,Texas,,,,FALSE
zcrm_1781014000144634669,4/2/2022 5:20,4/2/2022 9:00,143147,1040 Timothy Lane,Abilene,Texas,,,,FALSE
zcrm_1781014000143053282,3/27/2022 18:16,4/1/2022 17:51,277488,2210 Apley Ct,Bushkill,Pennsylvania,,,,FALSE
zcrm_1781014000142892526,3/25/2022 17:55,3/25/2022 17:55,,1122 East Leland Road # 152,Pittsburgh,,,,,FALSE
zcrm_1781014000141813149,3/21/2022 14:52,4/1/2022 17:34,70455,5420 Tupelo Drive,Plano,Texas,,,,FALSE
zcrm_1781014000141295270,3/18/2022 16:58,3/20/2022 17:48,162033,8663 Charter Pt,San Antonio,Texas,,,,FALSE
zcrm_1781014000140677785,3/16/2022 13:29,3/17/2022 10:03,156772,19985 CR 445,LINDALE,Texas,,,,FALSE
zcrm_1781014000140228900,3/15/2022 10:42,3/17/2022 11:58,713,4068 State Highway 97 E,Floresville,Texas,,,,FALSE
zcrm_1781014000139639386,3/12/2022 17:22,3/17/2022 10:43,36324,4208 Wyatt St. #7,Pasadena,Texas,,,,FALSE
zcrm_1781014000139581307,3/11/2022 17:59,3/12/2022 9:16,222495,0 N SCHARBAUER ST,goldsmith,Texas,,,,FALSE
zcrm_1781014000139298027,3/10/2022 10:32,7/22/2022 14:57,242768,312 N Douglas Street,Mart,Texas,,,,FALSE
zcrm_1781014000139099491,3/9/2022 13:08,3/10/2022 10:01,79553,202 Plummer St,Oil City,Pennsylvania,,,,FALSE
zcrm_1781014000139083088,3/9/2022 10:04,3/22/2022 19:34,56926,320 E State Hwy 46,Boerne,Texas,,,,FALSE
zcrm_1781014000137893438,3/2/2022 20:57,6/4/2022 11:06,1152,2184 Seguin St.,Midland,Texas,31-Aug-22,,,FALSE
zcrm_1781014000137845702,3/2/2022 15:00,4/1/2022 9:21,198602,10319 Greenwillow - Trojanowski,Houston,Texas,,,,FALSE
zcrm_1781014000137036542,2/25/2022 18:51,2/25/2022 19:07,63098,835 CR 304 E,Jarrell,Texas,,,,FALSE
zcrm_1781014000136808169,2/24/2022 19:46,2/24/2022 20:41,151068,1100 Uptown Park #83,Houston,Texas,,,,FALSE
zcrm_1781014000136288141,2/22/2022 10:42,2/22/2022 17:31,14210,123 Heidi Oaks,Houston,Texas,,,,FALSE
zcrm_1781014000134962592,2/15/2022 9:04,7/14/2022 9:32,185962,14717 Joy Lee Ln,Manor,Texas,,,,FALSE
zcrm_1781014000134870228,2/14/2022 17:20,2/14/2022 17:54,ID:432eaa13-ee6b-4531-980e-03ba99ab2087,842 E Valley Blvd,Alhambra,California,28-Feb-22,,,FALSE
zcrm_1781014000133827946,2/8/2022 18:42,2/8/2022 20:04,13099,923 West Stone Avenue,White Deer,Texas,,,,FALSE
zcrm_1781014000133817240,2/8/2022 14:29,2/8/2022 14:46,286842,Brent Mullinix,Raywood,Texas,,,,FALSE
zcrm_1781014000132313421,1/31/2022 14:04,5/9/2022 12:37,247415,17636 Highway 36,Guy,Texas,19-Sep-22,,,FALSE
zcrm_1781014000131956400,1/27/2022 20:07,1/27/2022 22:00,208617,107 fm1191,Bryson,Texas,,,,FALSE
zcrm_1781014000131361498,1/24/2022 12:22,1/25/2022 13:19,47581,13490 FM 2095,Gause,Texas,,,,FALSE
zcrm_1781014000130236204,1/17/2022 16:37,1/19/2022 18:51,211795,157 Wilbur Bloom Blvd,East Stroudsburg,Pennsylvania,,,,FALSE
zcrm_1781014000128807847,1/7/2022 15:02,1/7/2022 15:14,73677,3906 Sparkleberry Dr.,Corpus Christi,Texas,,,,FALSE
zcrm_1781014000126933184,12/27/2021 18:05,2/17/2022 15:28,150982,2047 Westcreek Lane #1203,Houston,Texas,,,,FALSE
zcrm_1781014000123168379,12/1/2021 3:37,12/1/2021 3:37,,"george cosbuc, 1",iasi,,,,,FALSE
zcrm_1781014000121480240,11/18/2021 21:28,11/18/2021 21:30,153985,24654 Kingsland Blvd.,katy,Texas,,,,FALSE
zcrm_1781014000120975525,11/15/2021 15:16,11/15/2021 16:28,197481,15502 FM 2172 Schilling Farm HQ House,Darrouzett,Texas,,,,FALSE
zcrm_1781014000119683177,11/8/2021 10:49,11/8/2021 10:49,,"5049 Edwards Ranch Road, Ste. 220",Fort Worth,,,,,FALSE
zcrm_1781014000119435127,11/5/2021 11:44,11/5/2021 11:43,,Elpaso,Colorado spring,,,,,FALSE
zcrm_1781014000119291965,11/4/2021 14:35,11/4/2021 14:56,271580,715 S Tornillo St,Kermit,Texas,,,,FALSE
zcrm_1781014000118483080,10/29/2021 18:33,10/30/2021 3:54,193018,4521 FM 1283,Pipe Creek,Texas,,,,FALSE
zcrm_1781014000117617376,10/23/2021 11:59,10/23/2021 12:05,190775,11886 Hwy 12,Orange,Texas,,,,FALSE
zcrm_1781014000116081084,10/14/2021 7:34,10/19/2021 4:48,79531,1238 Callowhill St #405,Philadelphia,Pennsylvania,,,,FALSE
zcrm_1781014000114668056,10/5/2021 17:18,10/6/2021 11:17,113405,114 Capriccio Lane,Montgomery,Texas,,,,FALSE
zcrm_1781014000110906497,9/14/2021 13:39,9/16/2021 22:05,,19919 FM973,Coupland,,,,,FALSE
zcrm_1781014000110392021,9/10/2021 7:59,9/12/2021 8:42,107091,1030 CR 2215 WHITE RD,DAINGERFIELD,Texas,,,,FALSE
zcrm_1781014000109453660,9/3/2021 19:59,9/4/2021 9:33,126074,410 Double M Dr. (Guest Home),Wimberley,Texas,,,,FALSE
zcrm_1781014000105481866,8/17/2021 10:35,8/18/2021 10:17,186312,15090 State Hwy 46 W,Spring Branch,Texas,,,,FALSE
zcrm_1781014000095839758,6/15/2021 10:42,7/26/2021 21:47,170223,901 CR 3925,Wolfe City,Texas,,,,FALSE
zcrm_1781014000095053015,6/9/2021 16:28,6/15/2021 7:38,4725,2984 N Hwy 78,Bonham,Texas,9-Mar-22,,,FALSE
zcrm_1781014000093896312,6/2/2021 14:25,6/2/2021 14:25,153616,110 Hwy 60 N,Bay City,Texas,,,,FALSE
zcrm_1781014000079309196,2/12/2021 9:03,2/14/2021 15:51,114801,1032-36,Duncansville,Pennsylvania,,,,FALSE
zcrm_1781014000079095957,2/10/2021 14:30,2/10/2021 14:30,73936,586 Riverforest Drive,New Braunfels,Texas,,,,FALSE
zcrm_1781014000076590970,1/18/2021 20:41,1/26/2021 12:31,71328,14604 Lake Crescent Drive,Conroe,Texas,,,,FALSE
zcrm_1781014000075773201,1/8/2021 21:20,1/11/2021 11:58,32366,1450 Highway 30 E,Huntsville,Texas,,,,FALSE
zcrm_1781014000073723461,12/17/2020 13:27,12/18/2020 13:06,8258,1803 Richardson Ave #106,Dallas,Texas,,,,FALSE
zcrm_1781014000072784609,12/8/2020 13:37,12/8/2020 13:37,7170,826 Venado Hills,San Antonio,Texas,,,,FALSE
zcrm_1781014000068736071,10/29/2020 10:22,10/31/2020 17:18,51430,2707 Hampton Park,Manvel,Texas,,,,FALSE
zcrm_1781014000058543004,7/16/2020 6:50,7/16/2020 6:50,,"2106 E State Highway 114, Ste 101",Southlake,,,,,FALSE
zcrm_1781014000049619853,4/1/2020 16:20,4/1/2020 16:20,29963,4101 Preservation Cove,Austin,Texas,,,,FALSE
